{"cameraMode":{"drawMode":0,"name":"Shaded","section":"Shading Mode"},"sceneLighting":false,"audioPlay":false,"sceneViewState":{"showFog":true,"showMaterialUpdate":false,"showSkybox":true,"showFlares":true,"showImageEffects":true,"showParticleSystems":true},"in2DMode":false,"pivot":{"x":-2.7009024620056154,"y":1.9290027618408204,"z":0.1839146614074707},"rotation":{"x":-0.044009026139974597,"y":0.9558677673339844,"z":-0.21305866539478303,"w":-0.19744901359081269},"size":33.390869140625,"orthographic":false}